"graphUrn","nodeUrn","index","label"
"urn:cite:drpower:ieeeTests.14bus.v1","urn:cite:drpower:ieee14bus.1","1","Bus 1 HV"
"urn:cite:drpower:ieeeTests.14bus.v1","urn:cite:drpower:ieee14bus.2","2","Bus 2 HV"
"urn:cite:drpower:ieeeTests.14bus.v1","urn:cite:drpower:ieee14bus.3","3","Bus 3 HV"
"urn:cite:drpower:ieeeTests.14bus.v1","urn:cite:drpower:ieee14bus.4","4","Bus 4 HV"
"urn:cite:drpower:ieeeTests.14bus.v1","urn:cite:drpower:ieee14bus.5","5","Bus 5 HV"
"urn:cite:drpower:ieeeTests.14bus.v1","urn:cite:drpower:ieee14bus.6","6","Bus 6 LV"
"urn:cite:drpower:ieeeTests.14bus.v1","urn:cite:drpower:ieee14bus.7","7","Bus 7 ZV"
"urn:cite:drpower:ieeeTests.14bus.v1","urn:cite:drpower:ieee14bus.8","8","Bus 8 TV"
"urn:cite:drpower:ieeeTests.14bus.v1","urn:cite:drpower:ieee14bus.9","9","Bus 9 LV"
"urn:cite:drpower:ieeeTests.14bus.v1","urn:cite:drpower:ieee14bus.10.v1","10","Bus 10 LV"
"urn:cite:drpower:ieeeTests.14bus.v1","urn:cite:drpower:ieee14bus.11.v1","11","Bus 11 LV"
"urn:cite:drpower:ieeeTests.14bus.v1","urn:cite:drpower:ieee14bus.12.v1","12","Bus 12 LV"
"urn:cite:drpower:ieeeTests.14bus.v1","urn:cite:drpower:ieee14bus.13.v1","13","Bus 13 LV"
"urn:cite:drpower:ieeeTests.14bus.v1","urn:cite:drpower:ieee14bus.14.v1","14","Bus 14 LV"
